{
  "claude-3.5-sonnet": {
    "total": 100,
    "ok": 7,
    "failed": 93,
    "status_counts": {
      "code_error": 92,
      "ok": 7,
      "metrics_error": 1
    },
    "aggregates": {
      "vol_rel": {
        "mean": 0.6322495587953816,
        "median": 0.6474400549155549,
        "min": 0.0020465151170477396,
        "max": 0.9585331452750352
      },
      "hausdorff": {
        "mean": 29.172471475182352,
        "median": 24.515301344262525,
        "min": 5.0,
        "max": 47.86439177509728
      },
      "xi_l2": {
        "mean": 137.63466132652022,
        "median": 62.82493769678497,
        "min": 7.878298992332707,
        "max": 479.36814152619115
      },
      "p_value": {
        "mean": 0.0,
        "median": 0.0,
        "min": 0.0,
        "max": 0.0
      }
    }
  },
  "gemma-3-27b-it": {
    "total": 100,
    "ok": 63,
    "failed": 37,
    "status_counts": {
      "code_error": 34,
      "ok": 63,
      "metrics_error": 3
    },
    "aggregates": {
      "vol_rel": {
        "mean": 1.668660781359975,
        "median": 0.5706165376189272,
        "min": 0.006546655971163774,
        "max": 17.451483933539492
      },
      "hausdorff": {
        "mean": 36.73186297283995,
        "median": 30.05516386318174,
        "min": 4.47213595499958,
        "max": 154.4479686222676
      },
      "xi_l2": {
        "mean": 167.82172602303598,
        "median": 60.543519739771,
        "min": 5.269413088194691,
        "max": 2297.6710333221704
      },
      "p_value": {
        "mean": 0.0,
        "median": 0.0,
        "min": 0.0,
        "max": 0.0
      }
    }
  },
  "gpt-4o": {
    "total": 100,
    "ok": 77,
    "failed": 23,
    "status_counts": {
      "code_error": 23,
      "ok": 77
    },
    "aggregates": {
      "vol_rel": {
        "mean": 0.7558710993741509,
        "median": 0.29670803140230934,
        "min": 0.0,
        "max": 6.122591068900286
      },
      "hausdorff": {
        "mean": 25.59832670390915,
        "median": 20.074859899884732,
        "min": 0.0,
        "max": 105.27091184842148
      },
      "xi_l2": {
        "mean": 476.7428753228289,
        "median": 33.32589065749697,
        "min": 0.05892556509887914,
        "max": 26473.61113269478
      },
      "p_value": {
        "mean": 0.01298701298701297,
        "median": 0.0,
        "min": 0.0,
        "max": 0.9999999999999987
      }
    }
  },
  "qwen2.5-vl-72b-instruct": {
    "total": 100,
    "ok": 98,
    "failed": 2,
    "status_counts": {
      "ok": 98,
      "code_error": 2
    },
    "aggregates": {
      "vol_rel": {
        "mean": 0.7212761088783434,
        "median": 0.43051871780927653,
        "min": 0.002079030210346721,
        "max": 8.141056917648372
      },
      "hausdorff": {
        "mean": 30.067431996286203,
        "median": 26.6516411507274,
        "min": 2.975327721717188,
        "max": 154.4475315804528
      },
      "xi_l2": {
        "mean": 401.9531513095663,
        "median": 43.20564331145748,
        "min": 6.53074053992296,
        "max": 14123.024525712635
      },
      "p_value": {
        "mean": 0.0,
        "median": 0.0,
        "min": 0.0,
        "max": 0.0
      }
    }
  }
}